,,ETG,LHEG,LTG,LTG,ALG,ALG
,,,,NE2001,YMW16,NE2001,YMW16
loc,0,1.055,2.906,0.7227,1.042,1.069,1.048
loc,1,1.099,3.441,1.062,0.759,0.8665,0.7597
scale,0,0.074125,0.110175,0.13005,0.075325,0.25225,0.07705
scale,1,0.18155,0.132925,0.28775,0.144775,0.126725,0.150625
weight,0,0.1208520593486425,0.5553989286721173,0.8047916315167877,0.4524547803617571,0.2806002634744258,0.40859259259259256
weight,1,0.8791479406513576,0.4446010713278827,0.19520836848321244,0.5475452196382429,0.7193997365255742,0.5914074074074074
